[{"model": "admin.logentry", "pk": 1, "fields": {"action_time": "2024-10-30T17:37:24.265Z", "user": 1, "content_type": 7, "object_id": "1", "object_repr": "Vention Elf E03 True Wireless Bluetooth Earbuds", "action_flag": 1, "change_message": "[{\"added\": {}}]"}}, {"model": "admin.logentry", "pk": 2, "fields": {"action_time": "2024-10-30T17:48:25.702Z", "user": 1, "content_type": 11, "object_id": "1", "object_repr": "Hasnine Profile", "action_flag": 3, "change_message": ""}}, {"model": "admin.logentry", "pk": 3, "fields": {"action_time": "2024-10-30T17:56:35.020Z", "user": 1, "content_type": 11, "object_id": "3", "object_repr": "Mamud Profile", "action_flag": 3, "change_message": ""}}, {"model": "admin.logentry", "pk": 4, "fields": {"action_time": "2024-10-30T18:06:46.967Z", "user": 1, "content_type": 11, "object_id": "4", "object_repr": "Mamud_Hemel Profile", "action_flag": 3, "change_message": ""}}, {"model": "admin.logentry", "pk": 5, "fields": {"action_time": "2024-10-30T18:07:32.437Z", "user": 1, "content_type": 11, "object_id": "2", "object_repr": "Hasnine_Mamud Profile", "action_flag": 3, "change_message": ""}}, {"model": "admin.logentry", "pk": 6, "fields": {"action_time": "2024-10-30T18:58:50.218Z", "user": 1, "content_type": 11, "object_id": "15", "object_repr": "Sifat_Rahman Profile", "action_flag": 3, "change_message": ""}}, {"model": "admin.logentry", "pk": 7, "fields": {"action_time": "2024-10-30T18:58:50.218Z", "user": 1, "content_type": 11, "object_id": "14", "object_repr": "Sifat Profile", "action_flag": 3, "change_message": ""}}, {"model": "admin.logentry", "pk": 8, "fields": {"action_time": "2024-10-30T18:58:50.218Z", "user": 1, "content_type": 11, "object_id": "13", "object_repr": "AKM_Hemel Profile", "action_flag": 3, "change_message": ""}}, {"model": "admin.logentry", "pk": 9, "fields": {"action_time": "2024-10-30T18:58:50.218Z", "user": 1, "content_type": 11, "object_id": "12", "object_repr": "Hasnine_BHaiA Profile", "action_flag": 3, "change_message": ""}}, {"model": "admin.logentry", "pk": 10, "fields": {"action_time": "2024-10-30T18:58:50.218Z", "user": 1, "content_type": 11, "object_id": "11", "object_repr": "Hasnine_BHai Profile", "action_flag": 3, "change_message": ""}}, {"model": "admin.logentry", "pk": 11, "fields": {"action_time": "2024-10-30T18:58:50.218Z", "user": 1, "content_type": 11, "object_id": "10", "object_repr": "Yean Profile", "action_flag": 3, "change_message": ""}}, {"model": "admin.logentry", "pk": 12, "fields": {"action_time": "2024-10-30T18:58:50.218Z", "user": 1, "content_type": 11, "object_id": "9", "object_repr": "Hasin_Bhai_valo Profile", "action_flag": 3, "change_message": ""}}, {"model": "admin.logentry", "pk": 13, "fields": {"action_time": "2024-10-30T18:58:50.218Z", "user": 1, "content_type": 11, "object_id": "8", "object_repr": "Hasin_Bhai_valoto Profile", "action_flag": 3, "change_message": ""}}, {"model": "admin.logentry", "pk": 14, "fields": {"action_time": "2024-10-30T18:58:50.218Z", "user": 1, "content_type": 11, "object_id": "7", "object_repr": "Hasin_Bhai Profile", "action_flag": 3, "change_message": ""}}, {"model": "admin.logentry", "pk": 15, "fields": {"action_time": "2024-10-30T18:58:50.218Z", "user": 1, "content_type": 11, "object_id": "6", "object_repr": "Admin Profile", "action_flag": 3, "change_message": ""}}, {"model": "admin.logentry", "pk": 16, "fields": {"action_time": "2024-10-30T18:58:50.218Z", "user": 1, "content_type": 11, "object_id": "5", "object_repr": "Hasin Profile", "action_flag": 3, "change_message": ""}}, {"model": "admin.logentry", "pk": 17, "fields": {"action_time": "2024-10-31T14:23:30.842Z", "user": 1, "content_type": 7, "object_id": "2", "object_repr": "Predator League Bellingham Firm Ground Boots Kids", "action_flag": 1, "change_message": "[{\"added\": {}}]"}}, {"model": "admin.logentry", "pk": 18, "fields": {"action_time": "2024-11-01T10:53:04.592Z", "user": 1, "content_type": 11, "object_id": "18", "object_repr": "Liana's Profile", "action_flag": 2, "change_message": "[{\"changed\": {\"fields\": [\"First name\", \"Last name\", \"Phone number\", \"Address\", \"Image\"]}}]"}}, {"model": "admin.logentry", "pk": 19, "fields": {"action_time": "2024-11-01T19:08:15.130Z", "user": 1, "content_type": 11, "object_id": "18", "object_repr": "Liana's Profile", "action_flag": 2, "change_message": "[{\"changed\": {\"fields\": [\"First name\", \"Last name\", \"Phone number\", \"Address\"]}}]"}}, {"model": "admin.logentry", "pk": 20, "fields": {"action_time": "2024-11-01T20:24:04.050Z", "user": 1, "content_type": 11, "object_id": "20", "object_repr": "Raihan's Profile", "action_flag": 2, "change_message": "[{\"changed\": {\"fields\": [\"Image\"]}}]"}}, {"model": "admin.logentry", "pk": 21, "fields": {"action_time": "2024-11-01T20:32:20.177Z", "user": 1, "content_type": 11, "object_id": "20", "object_repr": "Raihan's Profile", "action_flag": 2, "change_message": "[{\"changed\": {\"fields\": [\"Image\"]}}]"}}, {"model": "admin.logentry", "pk": 22, "fields": {"action_time": "2024-11-01T20:36:07.957Z", "user": 1, "content_type": 11, "object_id": "20", "object_repr": "Raihan's Profile", "action_flag": 2, "change_message": "[{\"changed\": {\"fields\": [\"Image\"]}}]"}}, {"model": "admin.logentry", "pk": 23, "fields": {"action_time": "2024-11-01T20:44:25.587Z", "user": 1, "content_type": 11, "object_id": "20", "object_repr": "Raihan's Profile", "action_flag": 2, "change_message": "[{\"changed\": {\"fields\": [\"Image\"]}}]"}}, {"model": "admin.logentry", "pk": 24, "fields": {"action_time": "2024-11-01T20:46:58.937Z", "user": 1, "content_type": 11, "object_id": "20", "object_repr": "Raihan's Profile", "action_flag": 2, "change_message": "[{\"changed\": {\"fields\": [\"Image\"]}}]"}}, {"model": "admin.logentry", "pk": 25, "fields": {"action_time": "2024-11-01T20:47:15.129Z", "user": 1, "content_type": 11, "object_id": "20", "object_repr": "Raihan's Profile", "action_flag": 2, "change_message": "[{\"changed\": {\"fields\": [\"Image\"]}}]"}}, {"model": "admin.logentry", "pk": 26, "fields": {"action_time": "2024-11-02T10:43:13.276Z", "user": 1, "content_type": 7, "object_id": "3", "object_repr": "UCL Men's home jersey 24/25 FC Barcelona Long-sleeve", "action_flag": 1, "change_message": "[{\"added\": {}}]"}}, {"model": "admin.logentry", "pk": 27, "fields": {"action_time": "2024-11-02T10:47:35.887Z", "user": 1, "content_type": 7, "object_id": "3", "object_repr": "UCL Men's home jersey 24/25 FC Barcelona Long-sleeve", "action_flag": 2, "change_message": "[{\"changed\": {\"fields\": [\"Description\"]}}]"}}, {"model": "admin.logentry", "pk": 28, "fields": {"action_time": "2024-11-02T17:05:32.172Z", "user": 1, "content_type": 11, "object_id": "21", "object_repr": "Hasib's Profile", "action_flag": 2, "change_message": "[{\"changed\": {\"fields\": [\"First name\", \"Last name\"]}}]"}}, {"model": "admin.logentry", "pk": 29, "fields": {"action_time": "2024-11-02T17:05:55.159Z", "user": 1, "content_type": 11, "object_id": "21", "object_repr": "Hasib's Profile", "action_flag": 2, "change_message": "[{\"changed\": {\"fields\": [\"Image\"]}}]"}}, {"model": "admin.logentry", "pk": 30, "fields": {"action_time": "2024-11-02T17:06:04.306Z", "user": 1, "content_type": 11, "object_id": "21", "object_repr": "Hasib's Profile", "action_flag": 2, "change_message": "[{\"changed\": {\"fields\": [\"Image\"]}}]"}}, {"model": "admin.logentry", "pk": 31, "fields": {"action_time": "2024-11-02T18:59:33.028Z", "user": 1, "content_type": 7, "object_id": "4", "object_repr": "EKSA T8 Stereo Noise Cancelling Over Ear Gaming Headphone", "action_flag": 1, "change_message": "[{\"added\": {}}]"}}, {"model": "admin.logentry", "pk": 32, "fields": {"action_time": "2024-11-02T19:01:19.642Z", "user": 1, "content_type": 7, "object_id": "4", "object_repr": "EKSA T8 Stereo Noise Cancelling Over Ear Gaming Headphone", "action_flag": 2, "change_message": "[]"}}, {"model": "admin.logentry", "pk": 33, "fields": {"action_time": "2024-11-02T19:14:30.053Z", "user": 1, "content_type": 9, "object_id": "10", "object_repr": "Order object (10)", "action_flag": 2, "change_message": "[{\"changed\": {\"fields\": [\"Status\"]}}]"}}, {"model": "admin.logentry", "pk": 34, "fields": {"action_time": "2024-11-03T09:48:40.545Z", "user": 1, "content_type": 7, "object_id": "5", "object_repr": "Hifuture FutureFit Ultra2 46mm Bluetooth Calling Blue Smart Watch", "action_flag": 1, "change_message": "[{\"added\": {}}]"}}, {"model": "admin.logentry", "pk": 35, "fields": {"action_time": "2024-11-03T09:50:53.471Z", "user": 1, "content_type": 7, "object_id": "6", "object_repr": "Microlab M-590 2:1 Speaker", "action_flag": 1, "change_message": "[{\"added\": {}}]"}}, {"model": "admin.logentry", "pk": 36, "fields": {"action_time": "2024-11-03T13:11:04.283Z", "user": 1, "content_type": 13, "object_id": "1", "object_repr": "Boot", "action_flag": 1, "change_message": "[{\"added\": {}}]"}}, {"model": "admin.logentry", "pk": 37, "fields": {"action_time": "2024-11-03T13:11:15.710Z", "user": 1, "content_type": 7, "object_id": "2", "object_repr": "Predator League Bellingham Firm Ground Boots Kids", "action_flag": 2, "change_message": "[{\"changed\": {\"fields\": [\"Description\", \"Category\"]}}]"}}, {"model": "admin.logentry", "pk": 38, "fields": {"action_time": "2024-11-03T17:50:09.188Z", "user": 1, "content_type": 9, "object_id": "1", "object_repr": "Admin - Predator League Bellingham Firm Ground Boots Kids (Confirmed)", "action_flag": 2, "change_message": "[{\"changed\": {\"fields\": [\"Confirmed\"]}}]"}}, {"model": "admin.logentry", "pk": 39, "fields": {"action_time": "2024-11-03T17:50:25.668Z", "user": 1, "content_type": 9, "object_id": "16", "object_repr": "Saif - Microlab M-590 2:1 Speaker (Confirmed)", "action_flag": 2, "change_message": "[{\"changed\": {\"fields\": [\"Confirmed\"]}}]"}}, {"model": "admin.logentry", "pk": 40, "fields": {"action_time": "2024-11-03T17:55:59.826Z", "user": 1, "content_type": 13, "object_id": "2", "object_repr": "Neckband Earphone", "action_flag": 1, "change_message": "[{\"added\": {}}]"}}, {"model": "admin.logentry", "pk": 41, "fields": {"action_time": "2024-11-03T17:56:06.277Z", "user": 1, "content_type": 7, "object_id": "7", "object_repr": "CMF by Nothing Neckband Pro 50dB ANC Bluetooth Neckband", "action_flag": 1, "change_message": "[{\"added\": {}}]"}}, {"model": "admin.logentry", "pk": 42, "fields": {"action_time": "2024-11-03T17:57:17.408Z", "user": 1, "content_type": 7, "object_id": "7", "object_repr": "CMF by Nothing Neckband Pro 50dB ANC Bluetooth Neckband", "action_flag": 2, "change_message": "[{\"changed\": {\"fields\": [\"Description\"]}}]"}}, {"model": "admin.logentry", "pk": 43, "fields": {"action_time": "2024-11-03T17:57:55.941Z", "user": 1, "content_type": 7, "object_id": "7", "object_repr": "CMF by Nothing Neckband Pro 50dB ANC Bluetooth Neckband", "action_flag": 2, "change_message": "[{\"changed\": {\"fields\": [\"Description\"]}}]"}}, {"model": "admin.logentry", "pk": 44, "fields": {"action_time": "2024-11-03T17:58:26.770Z", "user": 1, "content_type": 7, "object_id": "7", "object_repr": "CMF by Nothing Neckband Pro 50dB ANC Bluetooth Neckband", "action_flag": 2, "change_message": "[{\"changed\": {\"fields\": [\"Description\"]}}]"}}, {"model": "admin.logentry", "pk": 45, "fields": {"action_time": "2024-11-03T18:19:32.110Z", "user": 1, "content_type": 13, "object_id": "3", "object_repr": "Macbook", "action_flag": 1, "change_message": "[{\"added\": {}}]"}}, {"model": "admin.logentry", "pk": 46, "fields": {"action_time": "2024-11-03T18:19:38.586Z", "user": 1, "content_type": 7, "object_id": "8", "object_repr": "Apple MacBook Air Late 2020 Apple M1 Chip 8GB RAM 256GB SSD 13.3 Inch Retina Display Space Gray MacBook MacBook", "action_flag": 1, "change_message": "[{\"added\": {}}]"}}, {"model": "admin.logentry", "pk": 47, "fields": {"action_time": "2024-11-03T18:25:15.139Z", "user": 1, "content_type": 9, "object_id": "18", "object_repr": "Saif - Apple MacBook Air Late 2020 Apple M1 Chip 8GB RAM 256GB SSD 13.3 Inch Retina Display Space Gray MacBook MacBook (Confirmed)", "action_flag": 2, "change_message": "[{\"changed\": {\"fields\": [\"Confirmed\"]}}]"}}, {"model": "admin.logentry", "pk": 48, "fields": {"action_time": "2024-11-03T18:26:02.946Z", "user": 1, "content_type": 9, "object_id": "19", "object_repr": "Saif - EKSA T8 Stereo Noise Cancelling Over Ear Gaming Headphone (Confirmed)", "action_flag": 2, "change_message": "[{\"changed\": {\"fields\": [\"Confirmed\"]}}]"}}, {"model": "auth.user", "pk": 1, "fields": {"password": "pbkdf2_sha256$870000$r9gAjjlBnoVEGoAHiNKvS9$XMrEyKacwDLj44tv+Dm5/NCkTbOm4vzaweXMB1OLob0=", "last_login": "2024-11-01T10:52:40.133Z", "is_superuser": true, "username": "Admin", "first_name": "", "last_name": "", "email": "admin@gmail.com", "is_staff": true, "is_active": true, "date_joined": "2024-10-30T17:35:03.577Z", "groups": [], "user_permissions": []}}, {"model": "auth.user", "pk": 2, "fields": {"password": "8513512", "last_login": null, "is_superuser": false, "username": "Hasnine", "first_name": "", "last_name": "", "email": "mdhasninemamud8513512@gmail.com", "is_staff": false, "is_active": false, "date_joined": "2024-10-30T17:42:10.651Z", "groups": [], "user_permissions": []}}, {"model": "auth.user", "pk": 3, "fields": {"password": "8513512", "last_login": null, "is_superuser": false, "username": "Hasnine_Mamud", "first_name": "", "last_name": "", "email": "mdhasninemamud8513512@gmail.com", "is_staff": false, "is_active": false, "date_joined": "2024-10-30T17:50:00.335Z", "groups": [], "user_permissions": []}}, {"model": "auth.user", "pk": 4, "fields": {"password": "8513512", "last_login": null, "is_superuser": false, "username": "Mamud", "first_name": "", "last_name": "", "email": "hasninemamud004@gmail.com", "is_staff": false, "is_active": false, "date_joined": "2024-10-30T17:52:49.124Z", "groups": [], "user_permissions": []}}, {"model": "auth.user", "pk": 5, "fields": {"password": "8513512", "last_login": null, "is_superuser": false, "username": "Mamud_Hemel", "first_name": "", "last_name": "", "email": "hasninemamud004@gmail.com", "is_staff": false, "is_active": false, "date_joined": "2024-10-30T17:56:54.986Z", "groups": [], "user_permissions": []}}, {"model": "auth.user", "pk": 6, "fields": {"password": "8513512", "last_login": null, "is_superuser": false, "username": "Hasin", "first_name": "", "last_name": "", "email": "mdhasninemamud8513512@gmail.com", "is_staff": false, "is_active": false, "date_joined": "2024-10-30T18:09:04.124Z", "groups": [], "user_permissions": []}}, {"model": "auth.user", "pk": 7, "fields": {"password": "8513512", "last_login": null, "is_superuser": false, "username": "Hasin_Bhai", "first_name": "", "last_name": "", "email": "mdhasninemamud8513512@gmail.com", "is_staff": false, "is_active": false, "date_joined": "2024-10-30T18:10:47.225Z", "groups": [], "user_permissions": []}}, {"model": "auth.user", "pk": 8, "fields": {"password": "12345678", "last_login": null, "is_superuser": false, "username": "Hasin_Bhai_valoto", "first_name": "", "last_name": "", "email": "mdhasninemamud8513512@gmail.com", "is_staff": false, "is_active": false, "date_joined": "2024-10-30T18:13:54.876Z", "groups": [], "user_permissions": []}}, {"model": "auth.user", "pk": 9, "fields": {"password": "11111111", "last_login": null, "is_superuser": false, "username": "Hasin_Bhai_valo", "first_name": "", "last_name": "", "email": "mdhasninemamud8513512@gmail.com", "is_staff": false, "is_active": false, "date_joined": "2024-10-30T18:18:32.670Z", "groups": [], "user_permissions": []}}, {"model": "auth.user", "pk": 10, "fields": {"password": "11111111", "last_login": null, "is_superuser": false, "username": "Yean", "first_name": "", "last_name": "", "email": "mdhasninemamud8513512@gmail.com", "is_staff": false, "is_active": false, "date_joined": "2024-10-30T18:47:20.303Z", "groups": [], "user_permissions": []}}, {"model": "auth.user", "pk": 11, "fields": {"password": "11111111", "last_login": null, "is_superuser": false, "username": "Hasnine_BHai", "first_name": "", "last_name": "", "email": "mdhasninemamud8513512@gmail.com", "is_staff": false, "is_active": false, "date_joined": "2024-10-30T18:50:52.516Z", "groups": [], "user_permissions": []}}, {"model": "auth.user", "pk": 12, "fields": {"password": "11111111", "last_login": null, "is_superuser": false, "username": "Hasnine_BHaiA", "first_name": "", "last_name": "", "email": "mdhasninemamud8513512@gmail.com", "is_staff": false, "is_active": false, "date_joined": "2024-10-30T18:53:30.558Z", "groups": [], "user_permissions": []}}, {"model": "auth.user", "pk": 13, "fields": {"password": "11111111", "last_login": "2024-10-30T18:55:36.256Z", "is_superuser": false, "username": "AKM_Hemel", "first_name": "", "last_name": "", "email": "mdhasninemamud8513512@gmail.com", "is_staff": false, "is_active": true, "date_joined": "2024-10-30T18:55:35.993Z", "groups": [], "user_permissions": []}}, {"model": "auth.user", "pk": 14, "fields": {"password": "11111111", "last_login": "2024-10-30T18:56:22.094Z", "is_superuser": false, "username": "Sifat", "first_name": "", "last_name": "", "email": "mdhasninemamud8513512@gmail.com", "is_staff": false, "is_active": true, "date_joined": "2024-10-30T18:56:21.830Z", "groups": [], "user_permissions": []}}, {"model": "auth.user", "pk": 15, "fields": {"password": "11111111", "last_login": "2024-10-30T18:56:59.882Z", "is_superuser": false, "username": "Sifat_Rahman", "first_name": "", "last_name": "", "email": "mdhasninemamud8513512@gmail.com", "is_staff": false, "is_active": true, "date_joined": "2024-10-30T18:56:59.644Z", "groups": [], "user_permissions": []}}, {"model": "auth.user", "pk": 16, "fields": {"password": "8513512", "last_login": "2024-10-31T16:16:40.523Z", "is_superuser": false, "username": "Anim", "first_name": "", "last_name": "", "email": "anim@gmail.com", "is_staff": false, "is_active": true, "date_joined": "2024-10-31T16:16:40.217Z", "groups": [], "user_permissions": []}}, {"model": "auth.user", "pk": 17, "fields": {"password": "8513512", "last_login": "2024-10-31T17:20:49.952Z", "is_superuser": false, "username": "Hemel", "first_name": "", "last_name": "", "email": "hasninehemel85@gmail.com", "is_staff": false, "is_active": true, "date_joined": "2024-10-31T17:20:48.660Z", "groups": [], "user_permissions": []}}, {"model": "auth.user", "pk": 18, "fields": {"password": "pbkdf2_sha256$870000$BqKUnwE1yjjADBVch6M3h8$4MLf109y36TwWrlHcKMKwwcSI3uBOGZ9cZGa++hW4cI=", "last_login": "2024-11-01T18:59:49.536Z", "is_superuser": false, "username": "Liana", "first_name": "A.K.M", "last_name": "Hasnine Mamud", "email": "hasninehemel85@gmail.com", "is_staff": false, "is_active": true, "date_joined": "2024-11-01T09:33:26.294Z", "groups": [], "user_permissions": []}}, {"model": "auth.user", "pk": 19, "fields": {"password": "pbkdf2_sha256$870000$XmfiuqcITzLgrlOM24coUA$SDhIkDz7e7ri4l93AgmLLROm1zdtu+u6WLcuAmopgL4=", "last_login": "2024-11-01T19:41:34.995Z", "is_superuser": false, "username": "A.K.M", "first_name": "A.K.M", "last_name": "Hasnine Mamud", "email": "hasninehemel85@gmail.com", "is_staff": false, "is_active": true, "date_joined": "2024-11-01T19:40:42.901Z", "groups": [], "user_permissions": []}}, {"model": "auth.user", "pk": 20, "fields": {"password": "pbkdf2_sha256$870000$X5NNRHNYVq1zRLFvuwquOA$c1jgCztqc+WDQtE39sfgDASaUOgBIZSCGJw/eDaOb4g=", "last_login": "2024-11-02T10:03:19.541Z", "is_superuser": false, "username": "Raihan", "first_name": "MimoBhai", "last_name": "Raihan", "email": "mimoraihan@gmail.com", "is_staff": false, "is_active": true, "date_joined": "2024-11-01T19:43:56.262Z", "groups": [], "user_permissions": []}}, {"model": "auth.user", "pk": 21, "fields": {"password": "pbkdf2_sha256$870000$us7nskQHxaXGeTeZkxbSE7$VnY10Dt+GX6/HS3qTxvfaEoqIIbSczkmfl/yJ4SM7Wc=", "last_login": "2024-11-05T05:53:11.975Z", "is_superuser": false, "username": "Hasib", "first_name": "Hasib", "last_name": "Mamud", "email": "hasib2002@gmail.com", "is_staff": false, "is_active": true, "date_joined": "2024-11-02T16:22:35.096Z", "groups": [], "user_permissions": []}}, {"model": "auth.user", "pk": 22, "fields": {"password": "pbkdf2_sha256$870000$qXH6lAa1PJKDx8d9KIyX9V$xX44RkKIwzQbWjMyCYVryQzezcyC/2kwgI17vtgPyJw=", "last_login": null, "is_superuser": false, "username": "Shaad", "first_name": "Arshed", "last_name": "Siddiki Shadd", "email": "arshedsiddiki@gmail.com", "is_staff": false, "is_active": true, "date_joined": "2024-11-02T18:05:38.151Z", "groups": [], "user_permissions": []}}, {"model": "auth.user", "pk": 23, "fields": {"password": "pbkdf2_sha256$870000$5WY513zIj9RLgJuf6edv11$wgHq2VtJ7QKOVAluW39ewXlTlpSaBYgACrrcU0H03bI=", "last_login": "2024-11-02T20:04:34.863Z", "is_superuser": false, "username": "Nisha", "first_name": "Nahida", "last_name": "Parvin Nisha", "email": "nisha@gmail.com", "is_staff": false, "is_active": true, "date_joined": "2024-11-02T18:09:56.305Z", "groups": [], "user_permissions": []}}, {"model": "auth.user", "pk": 24, "fields": {"password": "pbkdf2_sha256$870000$Uo4t7aX9czXaJ6mTp1g1iI$Zv30pCrn8s7QVMBRT/B2NJAW0rB5yVh6DgZX93WcwN0=", "last_login": "2024-11-03T09:54:42.531Z", "is_superuser": false, "username": "Saif", "first_name": "Saif", "last_name": "Mamud", "email": "saif1999@gmail.com", "is_staff": false, "is_active": true, "date_joined": "2024-11-03T09:54:26.920Z", "groups": [], "user_permissions": []}}, {"model": "sessions.session", "pk": "f9n46hu17bamvj0szyizc7kmpn51s5aa", "fields": {"session_data": ".eJxVjMsOwiAQRf-FtSEyyMul-35DMwODVA0kpV0Z_92QdKHbe865bzHjvpV577zOSxJXAUqcfkfC-OQ6SHpgvTcZW93WheRQ5EG7nFri1-1w_w4K9jJq0CYHzs4yO2-zBxuStchB5wRJaRfNhQnAqXMEtuQdZmTSGU0k5cXnCxksONs:1t8CV6:FPIuk15fVk5GTuXpbSLaOV5S4v_3qUqMRWMUR9whOLo", "expire_date": "2024-11-19T05:53:12.005Z"}}, {"model": "sessions.session", "pk": "hdpip6s3zakh5bcg6xe0ff5wwnqvzeb4", "fields": {"session_data": ".eJxVjEEOwiAQRe_C2hCghQGX7j0DgZmpVA0kpV0Z765NutDtf-_9l4hpW0vcOi9xJnEWWpx-t5zwwXUHdE_11iS2ui5zlrsiD9rltRE_L4f7d1BSL98awDmr0EPgEJTNxjHZia1BRaN12QOAtpl49AMFQ4MeAiIk5T06NSXx_gDE7Tdj:1t6o3F:eJ_INs1UDZ_0slf5EmID7FSsl6kiVBGZ1sRDJwfXNGk", "expire_date": "2024-11-15T09:34:41.805Z"}}, {"model": "sessions.session", "pk": "jvxgz72haa836j354lw5wlhkfvjfurc2", "fields": {"session_data": "e30:1t6Z98:dbegFiCgpx_cUMd1uiB_l7x8pRPqklzX4jNkHK4xdcY", "expire_date": "2024-11-14T17:39:46.193Z"}}, {"model": "products.profile", "pk": 16, "fields": {"user": 16, "first_name": null, "last_name": null, "phone_number": null, "address": null, "image": "default.jpg"}}, {"model": "products.profile", "pk": 17, "fields": {"user": 17, "first_name": null, "last_name": null, "phone_number": null, "address": null, "image": "default.jpg"}}, {"model": "products.profile", "pk": 18, "fields": {"user": 18, "first_name": "Tazkia", "last_name": "Islam", "phone_number": "01636441892", "address": "470/2-a, West Shewrapara, Shamim shoroni panir pamp,Mirpur, Dhaka-1216\r\nDhaka Division, Dhaka, Sher-E-Bangla Nagar", "image": "profile_images/profile-pic18.png"}}, {"model": "products.profile", "pk": 19, "fields": {"user": 19, "first_name": null, "last_name": null, "phone_number": null, "address": null, "image": ""}}, {"model": "products.profile", "pk": 20, "fields": {"user": 20, "first_name": "Mimo", "last_name": "Raihan", "phone_number": "01636441892", "address": "470/2-a, West Shewrapara, Shamim shoroni panir pamp,Mirpur, Dhaka-1216\r\nDhaka Division, Dhaka, Sher-E-Bangla Nagar", "image": "profile_images/profile-pic_6_5eKdvCM.png"}}, {"model": "products.profile", "pk": 21, "fields": {"user": 21, "first_name": "Hasib", "last_name": "Mamud", "phone_number": "01610427102", "address": "Western para, Bhola Sadar, Bhola", "image": "profile_images/profile-pic_6_wYgfxmf.png"}}, {"model": "products.profile", "pk": 22, "fields": {"user": 22, "first_name": null, "last_name": null, "phone_number": null, "address": null, "image": ""}}, {"model": "products.profile", "pk": 23, "fields": {"user": 23, "first_name": null, "last_name": null, "phone_number": "None", "address": "None", "image": "profile_images/Django-based_Employee_Management_system.png"}}, {"model": "products.profile", "pk": 24, "fields": {"user": 24, "first_name": null, "last_name": null, "phone_number": "0182395682", "address": "Weather Office Road, Bhola Sadar, Bhola", "image": "profile_images/profile-pic_6_wwGB1VD.png"}}, {"model": "products.category", "pk": 1, "fields": {"name": "Boot"}}, {"model": "products.category", "pk": 2, "fields": {"name": "Neckband Earphone"}}, {"model": "products.category", "pk": 3, "fields": {"name": "Macbook"}}, {"model": "products.product", "pk": 1, "fields": {"name": "Vention Elf E03 True Wireless Bluetooth Earbuds", "description": "Experience true wireless freedom with the Vention Elf Earbuds E03. These half-in-ear Bluetooth earbuds are designed to deliver high-quality audio and long-lasting comfort throughout your day.\r\n\r\nKey Features:\r\nTrue Wireless Experience: Enjoy unrestricted movement and effortless connectivity with the latest Bluetooth 5.3 technology.\r\nImmersive Audio: Powerful 10mm driver units with PU + PEEK diaphragms deliver rich, natural sound with enhanced high-frequency sensitivity.\r\nCrystal-Clear Calls: Built-in microphones and advanced audio signal processing ensure clear conversations, even in noisy environments.\r\nStable Connection: Experience stable signal transmission and low latency up to 10 meters, perfect for videos, music, and gaming.\r\nLong-Lasting Battery: Enjoy 6 hours of playtime on a single charge, extendable to 30 hours with the 300mAh charging case.\r\nQuick Charging: Get 1 hour of playtime with just 10 minutes of charging.\r\nWater Resistant: IPX4-rated protection safeguards against sweat, splashes, and light rain.\r\nComfortable and Secure: Lightweight 3g design with an ergonomic shape provides a stable and comfortable fit.\r\nInstant Pairing: Effortlessly pair with your device upon opening the charging case lid.\r\nTouch Controls: Easily manage music playback, calls, and activate voice assistants with intuitive touch sensors.\r\nStylish Design: Choose from five premium colors to match your personal style.\r\nSpecifications:\r\nBrand: Vention\r\nModel: Elf Earbuds E03\r\nColor: Black/White/Purple/Blue/Pink Sand\r\nBluetooth Version: 5.3\r\nBattery Life: Up to 6 hours (earbuds), up to 30 hours (with charging case)\r\nCharging Time: Approximately 1 hour\r\nWater Resistance: IPX4\r\nWeight: 3g (per earbud)\r\nCharging Case Interface: USB-C\r\nSupported Codec: SBC/AAC\r\nFrequency Range: 20Hz-20kHz\r\nEffective Range: Within 10m", "price": "1290.00", "image": "product_images/img_9954.jpeg", "stock": 10, "category": null}}, {"model": "products.product", "pk": 2, "fields": {"name": "Predator League Bellingham Firm Ground Boots Kids", "description": "<p>Limited-edition Predator boots for Bellingham fans, made in part with recycled materials. Find the net like European football&#39;s rising star in these limited-collection adidas Predator League boots for juniors. Showing off Jude Bellingham&#39;s logo, the Hybridfeel upper includes a fold-over tongue, all-over 3D texture and grippy Strikescale fins to help boost your shooting accuracy to the Real Madrid playmaker&#39;s mesmeric levels. This product features at least 20% recycled materials. By reusing materials that have already been created, we help to reduce waste and our reliance on finite resources and reduce the footprint of the products we make.</p>", "price": "3500.00", "image": "product_images/football_boot.png", "stock": 30, "category": 1}}, {"model": "products.product", "pk": 3, "fields": {"name": "UCL Men's home jersey 24/25 FC Barcelona Long-sleeve", "description": "<p>The&nbsp;<strong>Barcelona&nbsp;jersey</strong>&nbsp;for&nbsp;the&nbsp;2024/25&nbsp;season&nbsp;is&nbsp;a&nbsp;tribute&nbsp;to&nbsp;the&nbsp;club&#39;s&nbsp;rich&nbsp;history&nbsp;and&nbsp;legacy1.&nbsp;The&nbsp;design&nbsp;features&nbsp;the&nbsp;iconic&nbsp;<strong>blue&nbsp;and&nbsp;maroon&nbsp;colors</strong>&nbsp;that&nbsp;are&nbsp;present&nbsp;in&nbsp;the&nbsp;club&#39;s&nbsp;badge,&nbsp;creating&nbsp;a&nbsp;unique&nbsp;and&nbsp;symbolic&nbsp;look1.&nbsp;</p>\r\n\r\n<p>The&nbsp;jersey&nbsp;is&nbsp;made&nbsp;from&nbsp;high quality&nbsp;materials,&nbsp;ensuring&nbsp;comfort&nbsp;and&nbsp;performance&nbsp;on&nbsp;the&nbsp;pitch2.&nbsp;It&nbsp;also&nbsp;includes&nbsp;the&nbsp;<strong>Spotify&nbsp;logo</strong>&nbsp;on&nbsp;the&nbsp;front,&nbsp;along&nbsp;with&nbsp;the&nbsp;<strong>Nike&nbsp;Swoosh</strong>&nbsp;and&nbsp;other&nbsp;sponsor&nbsp;logos1.</p>", "price": "17700.00", "image": "product_images/25100LSC_1.webp", "stock": 10, "category": null}}, {"model": "products.product", "pk": 4, "fields": {"name": "EKSA T8 Stereo Noise Cancelling Over Ear Gaming Headphone", "description": "<h4><strong>Description</strong></h4>\r\n\r\n<ul>\r\n\t<li>3D Surround Stereo Sound</li>\r\n\t<li>Noise Cancelling Microphone</li>\r\n\t<li>Great Humanized Design</li>\r\n\t<li>Multi-Platform Compatibility</li>\r\n</ul>", "price": "950.00", "image": "product_images/img_8050.jpeg", "stock": 30, "category": null}}, {"model": "products.product", "pk": 5, "fields": {"name": "Hifuture FutureFit Ultra2 46mm Bluetooth Calling Blue Smart Watch", "description": "<h4>Quick Overview</h4>\r\n\r\n<ul>\r\n\t<li>Watch Size - 46mm</li>\r\n\t<li>Cellular Network - No</li>\r\n\t<li>Screen/Display Size. - 1.85 Inch</li>\r\n\t<li>Waterproof - Yes</li>\r\n\t<li>Heart Rate - Yes</li>\r\n\t<li>Band Color - Blue</li>\r\n</ul>", "price": "3900.00", "image": "product_images/hifuture-futurefit-ultra2-46mm-bluetooth-calling-71727326637.webp", "stock": 10, "category": null}}, {"model": "products.product", "pk": 6, "fields": {"name": "Microlab M-590 2:1 Speaker", "description": "<h2>Quick Overview</h2>\r\n\r\n<ul>\r\n\t<li>Channel - 2:1</li>\r\n\t<li>Connectivity Mode - Wired</li>\r\n\t<li>Memory Card Slot - No</li>\r\n\t<li>USB Port - No</li>\r\n\t<li>Remote Control - No</li>\r\n\t<li>FM Radio - No</li>\r\n\t<li>Voice Enabled - No</li>\r\n\t<li>Touch Controls - No</li>\r\n</ul>", "price": "4570.00", "image": "product_images/microlab-m-590-21-51727352659.webp", "stock": 10, "category": null}}, {"model": "products.product", "pk": 7, "fields": {"name": "CMF by Nothing Neckband Pro 50dB ANC Bluetooth Neckband", "description": "<h4><strong>Description</strong></h4>\r\n\r\n<p><strong>--</strong> Introducing the CMF Neckband Pro, a revolutionary device that redefines your audio experience with cutting-edge&nbsp; &nbsp; &nbsp; features and unparalleled performance. Designed for ultimate comfort and convenience, the Neckband Pro boasts a host of innovative technologies that elevate your music and communication to new heights.</p>\r\n\r\n<p><strong>--&nbsp;</strong>Embark on a journey of immersive sound with the Neckband Pro&rsquo;s 50 dB Adaptive Hybrid Active Noise Cancellation (ANC) system. This groundbreaking technology adapts to your environment, effortlessly eliminating distractions and immersing you in pure, uninterrupted audio bliss. With three intensity settings, you can customize your listening experience to suit your surroundings, ensuring optimal clarity and focus whether you&rsquo;re in a bustling city or a serene countryside.</p>\r\n\r\n<p><strong>--&nbsp;</strong>Navigating your music and settings has never been easier thanks to the intuitive 3-in-1 Smart Dial. With just a quick spin or press, you can effortlessly adjust volume, control playback, or toggle ANC, putting you in complete control of your audio experience.</p>\r\n\r\n<p><strong>--&nbsp;</strong>Powered by a massive 220 mAh battery, the Neckband Pro delivers an impressive 37 hours of non-stop music playback. And with quick charging technology, you can get up to 18 hours of playback with just a swift power boost. Plus, the magnetic connection feature ensures hassle-free operation&mdash;simply separate the earbuds to turn them on and join them to turn them off, for a seamless and intuitive user experience.</p>\r\n\r\n<p>&nbsp;</p>", "price": "3400.00", "image": "product_images/img_0049.jpeg", "stock": 20, "category": 2}}, {"model": "products.product", "pk": 8, "fields": {"name": "Apple MacBook Air Late 2020 Apple M1 Chip 8GB RAM 256GB SSD 13.3 Inch Retina Display Space Gray MacBook MacBook", "description": "<h4><strong>Quick Overview</strong></h4>\r\n\r\n<h4><strong>-</strong>Processor Type. - Apple M1</h4>\r\n\r\n<p><strong>-</strong>Generation - M Series</p>\r\n\r\n<p><strong>-</strong>RAM - 8GB</p>\r\n\r\n<p><strong>-</strong>Storage - 256GB SSD</p>\r\n\r\n<p><strong>-</strong>Graphics Memory - Shared</p>\r\n\r\n<p><strong>-</strong>Display Size (Inch) - 13.3</p>\r\n\r\n<h2><strong>Features of Apple MacBook Air (Late 2020) Laptop In Bangladesh</strong></h2>\r\n\r\n<h2><strong>Apple MacBook Air (Late 2020) Apple M1 Chip 13.3 Inch Retina Display, Touch ID, Space Gray MacBook</strong></h2>\r\n\r\n<p><em>Apple MacBook Air (Late 2020) Apple M1 Chip 13.3 Inch Retina Display, Touch ID, Space Gray MacBook is a high range laptop in Bangladesh. Apple MacBook Air (Late 2020) is a Apple brand laptop. Right Now available the Apple MacBook Air (Late 2020) Apple M1 Chip 13.3 Inch Retina Display, Touch ID, Space Gray MacBook includes all Ryans computers branches and our website.</em></p>\r\n\r\n<p>Apple MacBook Air (Late 2020) comes with Apple M1 Chip processor. Apple M1 Chip has 8.</p>\r\n\r\n<p>The Apple MacBook Air (Late 2020) laptop has 8GB RAM.</p>\r\n\r\n<p>Storage &amp; Graphics</p>\r\n\r\n<p>Let&rsquo;s discuss Apple MacBook Air (Late 2020) laptop storage. 256GB SSD NVMe PCIe used in this laptop. The Apple laptop has shared integrated Apple 7-core GPU.</p>\r\n\r\n<p>Display &amp; Ports &amp; Slots</p>\r\n\r\n<p>The Apple MacBook Air (Late 2020) comes with a 13.3 inch Retina display. Display Resolution is 2560 x 1600. The WebCam offers you nice video calling, video recording, video streaming, clear picture capture, etc. The laptop has wifi, bluetooth connection.</p>\r\n\r\n<p>The laptop has Space Gray color variation in Bangladesh. The Apple MacBook Air (Late 2020) Apple M1 Chip 13.3 Inch Retina Display, Touch ID, Space Gray MacBook dimension is 304.1 x 212.4 x 4.1-16.1mm. It&rsquo;s a lightweight laptop, 1.29 Kg only.</p>", "price": "107420.00", "image": "product_images/apple-macbook-air-late-2020-apple-m1-chip-8gb-11607861922.webp", "stock": 50, "category": 3}}, {"model": "products.review", "pk": 1, "fields": {"product": 5, "user": 24, "rating": 5, "comment": "Good Product", "created_at": "2024-11-03T12:42:01.323Z"}}, {"model": "products.review", "pk": 2, "fields": {"product": 7, "user": 24, "rating": 3, "comment": "Good product", "created_at": "2024-11-03T18:11:01.222Z"}}, {"model": "products.review", "pk": 3, "fields": {"product": 7, "user": 24, "rating": 5, "comment": "Best", "created_at": "2024-11-03T18:15:30.685Z"}}, {"model": "products.review", "pk": 4, "fields": {"product": 4, "user": 21, "rating": 4, "comment": "Good product quality", "created_at": "2024-11-04T05:08:59.961Z"}}, {"model": "products.order", "pk": 1, "fields": {"user": 1, "product": 2, "quantity": 4, "ordered_date": "2024-10-31T14:30:29.892Z", "confirmed": true}}, {"model": "products.order", "pk": 2, "fields": {"user": 1, "product": 2, "quantity": 1, "ordered_date": "2024-10-31T18:16:21.275Z", "confirmed": false}}, {"model": "products.order", "pk": 3, "fields": {"user": 18, "product": 2, "quantity": 3, "ordered_date": "2024-11-01T10:10:55.666Z", "confirmed": false}}, {"model": "products.order", "pk": 4, "fields": {"user": 18, "product": 2, "quantity": 1, "ordered_date": "2024-11-01T10:13:20.274Z", "confirmed": false}}, {"model": "products.order", "pk": 5, "fields": {"user": 18, "product": 1, "quantity": 1, "ordered_date": "2024-11-01T10:14:13.014Z", "confirmed": false}}, {"model": "products.order", "pk": 6, "fields": {"user": 18, "product": 1, "quantity": 1, "ordered_date": "2024-11-01T10:47:21.371Z", "confirmed": false}}, {"model": "products.order", "pk": 7, "fields": {"user": 20, "product": 3, "quantity": 3, "ordered_date": "2024-11-02T10:48:10.202Z", "confirmed": false}}, {"model": "products.order", "pk": 8, "fields": {"user": 23, "product": 2, "quantity": 2, "ordered_date": "2024-11-02T19:13:18.675Z", "confirmed": false}}, {"model": "products.order", "pk": 9, "fields": {"user": 23, "product": 1, "quantity": 2, "ordered_date": "2024-11-02T19:13:18.708Z", "confirmed": false}}, {"model": "products.order", "pk": 10, "fields": {"user": 23, "product": 1, "quantity": 1, "ordered_date": "2024-11-02T19:13:49.972Z", "confirmed": false}}, {"model": "products.order", "pk": 11, "fields": {"user": 23, "product": 2, "quantity": 1, "ordered_date": "2024-11-02T19:42:50.277Z", "confirmed": false}}, {"model": "products.order", "pk": 12, "fields": {"user": 23, "product": 3, "quantity": 1, "ordered_date": "2024-11-02T19:42:50.295Z", "confirmed": false}}, {"model": "products.order", "pk": 13, "fields": {"user": 23, "product": 1, "quantity": 1, "ordered_date": "2024-11-02T19:42:50.311Z", "confirmed": false}}, {"model": "products.order", "pk": 14, "fields": {"user": 23, "product": 4, "quantity": 2, "ordered_date": "2024-11-02T19:42:50.326Z", "confirmed": false}}, {"model": "products.order", "pk": 15, "fields": {"user": 23, "product": 3, "quantity": 1, "ordered_date": "2024-11-02T19:51:12.603Z", "confirmed": false}}, {"model": "products.order", "pk": 16, "fields": {"user": 24, "product": 6, "quantity": 1, "ordered_date": "2024-11-03T13:46:37.263Z", "confirmed": true}}, {"model": "products.order", "pk": 17, "fields": {"user": 24, "product": 5, "quantity": 1, "ordered_date": "2024-11-03T13:46:37.319Z", "confirmed": false}}, {"model": "products.order", "pk": 18, "fields": {"user": 24, "product": 8, "quantity": 2, "ordered_date": "2024-11-03T18:24:38.649Z", "confirmed": true}}, {"model": "products.order", "pk": 19, "fields": {"user": 24, "product": 4, "quantity": 1, "ordered_date": "2024-11-03T18:25:45.046Z", "confirmed": true}}, {"model": "products.order", "pk": 20, "fields": {"user": 21, "product": 1, "quantity": 1, "ordered_date": "2024-11-03T19:32:24.841Z", "confirmed": false}}, {"model": "products.cart", "pk": 1, "fields": {"user": 1}}, {"model": "products.cart", "pk": 2, "fields": {"user": 17}}, {"model": "products.cart", "pk": 3, "fields": {"user": 18}}, {"model": "products.cart", "pk": 4, "fields": {"user": 20}}, {"model": "products.cart", "pk": 5, "fields": {"user": 23}}, {"model": "products.cart", "pk": 6, "fields": {"user": 24}}, {"model": "products.cart", "pk": 7, "fields": {"user": 21}}, {"model": "products.cartitem", "pk": 2, "fields": {"cart": 2, "product": 2, "quantity": 1}}, {"model": "products.cartitem", "pk": 5, "fields": {"cart": 1, "product": 2, "quantity": 2}}, {"model": "products.cartitem", "pk": 6, "fields": {"cart": 1, "product": 1, "quantity": 1}}, {"model": "products.cartitem", "pk": 32, "fields": {"cart": 6, "product": 1, "quantity": 1}}, {"model": "products.cartitem", "pk": 33, "fields": {"cart": 6, "product": 2, "quantity": 1}}, {"model": "products.cartitem", "pk": 34, "fields": {"cart": 6, "product": 3, "quantity": 1}}, {"model": "products.cartitem", "pk": 35, "fields": {"cart": 6, "product": 8, "quantity": 1}}]